[
  {
    "parentEntity": "main:ConferenceOffers",
    "childEntity": "main:Exhibits",
    "roleToParent": "ConferenceOffers",
    "roleToChild": "Exhibits_List",
    "deleteRule": "Cascade",
    "updateRule": "No Action",
    "parentColumns": [
      "ident"
    ],
    "childColumns": [
      "Conferences_ident"
    ]
  },
  {
    "parentEntity": "main:ConferenceOffers",
    "childEntity": "main:Exhibits",
    "roleToParent": "Conferences",
    "roleToChild": "Exhibits_List_1",
    "deleteRule": "Cascade",
    "updateRule": "No Action",
    "parentColumns": [
      "ident"
    ],
    "childColumns": [
      "Conferences_ident"
    ]
  },
  {
    "parentEntity": "main:ConferenceOffers",
    "childEntity": "main:Talks",
    "roleToParent": "ConferenceOffers",
    "roleToChild": "Talks_List",
    "deleteRule": "Cascade",
    "updateRule": "No Action",
    "parentColumns": [
      "ident"
    ],
    "childColumns": [
      "Conferences_ident"
    ]
  },
  {
    "parentEntity": "main:ConferenceOffers",
    "childEntity": "main:Talks",
    "roleToParent": "Conferences",
    "roleToChild": "Talks_List_1",
    "deleteRule": "Cascade",
    "updateRule": "No Action",
    "parentColumns": [
      "ident"
    ],
    "childColumns": [
      "Conferences_ident"
    ]
  },
  {
    "parentEntity": "MktMgmt:MarketingPrograms",
    "childEntity": "main:ConferenceOffers",
    "roleToParent": "MarketingProgram",
    "roleToChild": "ConferenceOffers_List",
    "deleteRule": "No Action",
    "updateRule": "No Action",
    "parentColumns": [
      "Name"
    ],
    "childColumns": [
      "MarketingProgramName"
    ]
  }
]