{
  "name": "\"MktMgmt\" - \"MktMgmt\"",
  "prefix": "main",
  "title": null,
  "databaseType": "DERBY",
  "comments": "Created using Connect Wizard",
  "isActive": true,
  "isLogErrors": false,
  "isSchemaEditable": true,
  "isSupportBoolean": false,
  "isReadOnly": false,
  "useJNDIDataSource": false,
  "url": "jdbc:derby:MktMgmt",
  "catalog": null,
  "schema": "\"Accounting\"",
  "username": "\"Accounting\"",
  "maximumConnections": 20,
  "tableExcludes": null,
  "tableIncludes": null,
  "procedureExcludes": null,
  "procedureIncludes": null,
  "nonPersistentAttributes": {
  },
  "tableInfos": {
    "MarketingPrograms": {
      "virtualPrimaryKeyColumns": [
        "Name"
      ],
      "sequenceUsage": {
      }
    }
  },
  "viewInfos": {
  }
}