{
  "name": "AccountingConnection",
  "isActive": true,
  "description": "MQTT connection used to subscribe to messages published from the Marketing API.",
  "providerName": "MQTT",
  "parameters": {
    "clientId": {
      "value": "RANDOM",
      "comments": null
    },
    "broker": {
      "value": "tcp://localhost:1883",
      "comments": "local might be tcp://localhost:1883\n\nremote might be tcp://iot.eclipse.org:1883"
    },
    "automaticReconnect": {
      "value": "true",
      "comments": null
    },
    "keepAliveInterval": {
      "value": "30",
      "comments": null
    }
  }
}