{
  "name": "event_alert_json",
  "entity": "ConferenceOffers",
  "isActive": false,
  "ruleType": "event",
  "asynchronous": false,
  "appliesTo": {
    "insert": false,
    "update": true,
    "delete": false
  },
  "codeType": "JavaScript",
  "isAutoTitle": false,
  "title": "Alert Accounting - JSON Message",
  "comments": "Microservices architecture recommends that systems be autonomous, with decreased dependence on other systems. This internal communication is by way of a message (rather than an API), so that the event system functions even while accounting is down.\nThe Post to Accounting event rule type uses an MQTT message to implement this.  Kafka would be the same code.\n\nThis is the JSON version... activate *either* this or the XML version:\n\nvar title = \"Market: Post <XML> to Accounting Event - \";\nif (row.Approved === true && row.Approved !== oldRow.Approved) {\n    var msgContent = \"\";\n    var url = req.localFullBaseURL;\n    var eventGetURL = url + \"AccountingAlert\" + \"?responseformat=xml\";                // for JSON, transformCurrentRow is simpler\n    var headerSettings = { headers: {Authorization: \"CALiveAPICreator AdminKey:1\"} }; // created on Auth Tokens screen\n    var getParams = {sysfilter: \"equal(\\\"ident\\\":\" + row.ident + \")\"};\n    msgContent = SysUtility.restGet(eventGetURL , getParams, headerSettings);\n    logicContext.logDebug(title + \"as XML... getParms: \" + JSON.stringify(getParams) + ', url:' + eventGetURL +', xml msgContent: ' + msgContent);\n        print(title + 'Post to Accounting, ready with msgContent: ' + msgContent);\n        var result = SysUtility.publishMessage(\"PublishAccountingConnection\",\"MarketingCost\", msgContent, null);\n}",
  "topics": [
    "3. Integration"
  ]
}