{
  "name": "event_alert-xml",
  "entity": "ConferenceOffers",
  "isActive": false,
  "ruleType": "event",
  "asynchronous": false,
  "appliesTo": {
    "insert": false,
    "update": true,
    "delete": false
  },
  "codeType": "JavaScript",
  "isAutoTitle": false,
  "title": "Alert Accounting - XML Message",
  "comments": "XML version...  Microservices architecture recommends that systems be autonomous, with decreased dependence on other systems. This internal communication is by way of a message (rather than an API), so that the event system functions even while accounting is down.\nThe Post to Accounting event rule type uses an MQTT message to implement this.  Kafka would be the same code.",
  "topics": [
  ]
}